{
  "train_losses": [
    0.00492838798250642,
    0.003822011077082628,
    0.003326893890648949,
    0.0029754648047112474,
    0.002618528776167146,
    0.002367686436384113,
    0.0021487546253451156,
    0.0019522623051746145,
    0.0017879047137162934,
    0.0016316068985973843,
    0.0014642330910615033,
    0.0013559740025025672,
    0.001217442554440186,
    0.0011011053636483283,
    0.001024908126681027,
    0.0009498801787668336,
    0.0008801839635996319,
    0.0008147930117383573,
    0.0007367017287540539,
    0.0006591198841556029
  ],
  "val_losses": [
    0.004411432294503016,
    0.0037194317413077106,
    0.00325983039579988,
    0.002852036599027724,
    0.002514971527314252,
    0.0022621278875408924,
    0.002017506987747311,
    0.001838195440727872,
    0.0016421125810130162,
    0.0014987596942084244,
    0.0013337392119479761,
    0.0011708313243169336,
    0.0010261715761053895,
    0.0009143690402949164,
    0.0008454048672503367,
    0.0007689486643502054,
    0.0007107198343178759,
    0.0006261528721109643,
    0.00053302626369048,
    0.0004646556382202018
  ],
  "epochs": [
    0,
    1,
    2,
    3,
    4,
    5,
    6,
    7,
    8,
    9,
    10,
    11,
    12,
    13,
    14,
    15,
    16,
    17,
    18,
    19
  ]
}